lead_actor,prior_n_films,has_history,prior_mean,prior_adj_mean,prior_std,prior_positive_rate,prior_last3_mean,prior_last5_mean,prior_momentum,prior_mean_vs_era,prior_tier,prior_career_years,days_since_prev_film,era_prior_mean,era_prior_n,tier_unproven,tier_promising,tier_proven_weak,tier_proven_positive,films_to_date,career_mean,as_of_date
Aamir Khan,5,1,3.4,2.843999728284459,1.2942179105544784,0.6,3.6666666666666665,3.4,0.2666666666666666,3.7193288252968637,promising,25.059548254620122,1478.0,2.720138888888889,700,0,1,0,0,5.0,3.4,2026-08-28
Abhishek Bachchan,34,1,2.25,2.3751019299120237,0.9149432835543481,0.14705882352941177,2.6666666666666665,2.6,0.4166666666666665,2.592475534055221,proven_weak,25.700205338809035,420.0,2.720138888888889,700,0,0,1,0,34.0,2.25,2026-08-28
Aftab Shivdasani,9,1,1.7777777777777777,2.328333106903716,0.7120003121097942,0.0,1.5,1.9,-0.2777777777777777,2.2158954467569463,unproven,25.57700205338809,3697.0,2.720138888888889,700,1,0,0,0,9.0,1.7777777777777777,2026-08-28
Ajay Devgn,53,1,3.0943396226415096,2.9982352142013116,0.9610521266459089,0.5660377358490566,3.1666666666666665,3.2,0.07232704402515688,3.3760683424680957,proven_positive,25.700205338809035,287.0,2.720138888888889,700,0,0,0,1,53.0,3.0943396226415096,2026-08-28
Akshay Kumar,27,1,3.314814814814815,3.0804760610878374,0.6814598039411162,0.5925925925925926,3.5,3.6,0.18518518518518512,3.3594209678093745,proven_positive,10.234086242299794,64.0,2.720138888888889,700,0,0,0,1,27.0,3.314814814814815,2026-08-28
Akshaye Khanna,4,1,2.5,2.625262871878378,0.5773502691896257,0.0,2.6666666666666665,2.5,0.16666666666666652,3.0797990374328243,unproven,23.077344284736483,6986.0,2.720138888888889,700,1,0,0,0,4.0,2.5,2026-08-28
Amitabh Bachchan,36,1,2.9027777777777777,2.8309802856017483,0.9770176518689373,0.4166666666666667,3.3333333333333335,3.2,0.4305555555555558,3.2363247431750573,proven_weak,23.28268309377139,1386.0,2.720138888888889,700,0,0,1,0,36.0,2.9027777777777777,2026-08-28
Anil Kapoor,15,1,2.3333333333333335,2.4959998188563057,1.0801234497346435,0.26666666666666666,2.8333333333333335,2.7,0.5,2.629150420277655,proven_weak,25.700205338809035,176.0,2.720138888888889,700,0,0,1,0,15.0,2.3333333333333335,2026-08-28
Anupam Kher,3,1,1.6666666666666667,2.4933330314271767,0.5773502691896257,0.0,1.6666666666666667,1.6666666666666667,0.0,2.0072063917517298,unproven,19.9315537303217,2786.0,2.720138888888889,700,1,0,0,0,3.0,1.6666666666666667,2026-08-28
Arjun Kapoor,4,1,3.0,2.730526029773115,0.0,0.0,3.0,3.0,0.0,3.080979359889609,unproven,11.964407939767282,1323.0,2.720138888888889,700,1,0,0,0,4.0,3.0,2026-08-28
Arjun Rampal,12,1,1.875,2.3103701690995995,0.8012773892638271,0.08333333333333333,2.5,2.5,0.625,2.268474713868128,unproven,25.07049965776865,2912.0,2.720138888888889,700,1,0,0,0,12.0,1.875,2026-08-28
Arshad Warsi,8,1,2.0625,2.4513041115517034,0.7763237542601484,0.125,1.6666666666666667,2.0,-0.39583333333333326,2.280053328851544,unproven,21.08145106091718,315.0,2.720138888888889,700,1,0,0,0,8.0,2.0625,2026-08-28
Bipasha Basu,3,1,2.3333333333333335,2.604444142538288,1.5275252316519468,0.3333333333333333,2.3333333333333335,2.3333333333333335,0.0,2.5578493629793706,unproven,16.40520191649555,4242.0,2.720138888888889,700,1,0,0,0,3.0,2.3333333333333335,2026-08-28
Bobby Deol,15,1,1.7,2.1793331521896393,0.6210590034081188,0.0,2.1666666666666665,2.0,0.46666666666666656,2.0691644134228073,proven_weak,25.700205338809035,84.0,2.720138888888889,700,0,0,1,0,15.0,1.7,2026-08-28
Deepika Padukone,4,1,3.125,2.756841819246799,0.9464847243000456,0.25,3.3333333333333335,3.125,0.20833333333333348,3.2742935553173074,promising,16.501026694045173,1659.0,2.720138888888889,700,0,1,0,0,4.0,3.125,2026-08-28
Emraan Hashmi,27,1,2.7037037037037037,2.6876189182306947,0.9831196348991391,0.4074074074074074,3.3333333333333335,3.0,0.6296296296296298,3.035796839723812,proven_weak,23.033538672142367,14.0,2.720138888888889,700,0,0,1,0,27.0,2.7037037037037037,2026-08-28
Govinda,17,1,1.7647058823529411,2.1837498301777867,0.7313866765181297,0.058823529411764705,2.5,1.9,0.7352941176470589,1.9882863643018531,proven_weak,25.700205338809035,2877.0,2.720138888888889,700,0,0,1,0,17.0,1.7647058823529411,2026-08-28
Hrithik Roshan,22,1,3.1136363636363638,2.9291890423159237,1.1436347462806613,0.5454545454545454,3.3333333333333335,3.4,0.21969696969696972,3.418938950833787,proven_positive,25.700205338809035,379.0,2.720138888888889,700,0,0,0,1,22.0,3.1136363636363638,2026-08-28
Imran Khan,7,1,2.7857142857142856,2.699090662076781,1.0350983390135313,0.42857142857142855,2.6666666666666665,3.2,-0.11904761904761907,3.069253521859169,unproven,17.90280629705681,3997.0,2.720138888888889,700,1,0,0,0,7.0,2.7857142857142856,2026-08-28
Irrfan Khan,20,1,2.725,2.696571273305405,0.9385739462778514,0.3,3.0,3.2,0.2749999999999999,3.03417586380354,proven_weak,22.581793292265573,2361.0,2.720138888888889,700,0,0,1,0,20.0,2.725,2026-08-28
Jimmy Sheirgill,5,1,1.6,2.393999728284459,0.8944271909999159,0.0,2.0,1.6,0.3999999999999999,1.9829034754172818,unproven,24.788501026694046,4459.0,2.720138888888889,700,1,0,0,0,5.0,1.6,2026-08-28
John Abraham,27,1,3.074074074074074,2.925714156325933,0.8955413457760072,0.48148148148148145,3.0,3.2,-0.07407407407407396,3.3484884300084516,proven_positive,23.61122518822724,379.0,2.720138888888889,700,0,0,0,1,27.0,3.074074074074074,2026-08-28
Kangana Ranaut,12,1,2.7916666666666665,2.7177775765070065,0.7216878364870322,0.25,2.3333333333333335,2.4,-0.45833333333333304,2.892977391403309,unproven,19.394934976043807,77.0,2.720138888888889,700,1,0,0,0,12.0,2.7916666666666665,2026-08-28
Kareena Kapoor Khan,4,1,2.875,2.7042102402994304,0.9464847243000456,0.5,3.3333333333333335,2.875,0.4583333333333335,3.0504663461201798,unproven,20.314852840520192,883.0,2.720138888888889,700,1,0,0,0,4.0,2.875,2026-08-28
Manoj Bajpayee,20,1,2.575,2.610856987591119,0.8777213321106565,0.3,2.5,2.4,-0.07500000000000018,2.74627597231203,proven_weak,25.700205338809035,77.0,2.720138888888889,700,0,0,1,0,20.0,2.575,2026-08-28
Naseeruddin Shah,5,1,3.1,2.768999728284459,1.2449899597988732,0.6,3.3333333333333335,3.1,0.2333333333333334,3.439391211973777,promising,24.05201916495551,2066.0,2.720138888888889,700,0,1,0,0,5.0,3.1,2026-08-28
Nawazuddin Siddiqui,16,1,2.25,2.4477417601835216,0.48304589153964794,0.0625,2.3333333333333335,2.2,0.08333333333333348,2.3107544499505526,proven_weak,12.61054072553046,112.0,2.720138888888889,700,0,0,1,0,16.0,2.25,2026-08-28
Priyanka Chopra Jonas,6,1,3.3333333333333335,2.8514283126518656,0.6055300708194983,0.5,3.1666666666666665,3.3,-0.16666666666666696,3.54232088339683,promising,17.828884325804243,2513.0,2.720138888888889,700,0,1,0,0,6.0,3.3333333333333335,2026-08-28
R Madhavan,3,1,3.0,2.715555253649399,0.0,0.0,3.0,3.0,0.0,3.2675204903555577,unproven,18.015058179329227,1520.0,2.720138888888889,700,1,0,0,0,3.0,3.0,2026-08-28
Rajkummar Rao,22,1,2.8863636363636362,2.7940539071807886,0.8719411592999755,0.36363636363636365,2.3333333333333335,3.0,-0.5530303030303028,2.9632120399323467,proven_weak,16.45448323066393,135.0,2.720138888888889,700,0,0,1,0,22.0,2.8863636363636362,2026-08-28
Ranbir Kapoor,8,1,3.375,2.907825850682138,1.026436275942851,0.75,2.5,3.0,-0.875,3.585868454457782,promising,16.80766598220397,1498.0,2.720138888888889,700,0,1,0,0,8.0,3.375,2026-08-28
Rani Mukerji,7,1,3.0,2.7672724802585993,0.7071067811865476,0.42857142857142855,2.6666666666666665,2.9,-0.3333333333333335,3.087992983858251,unproven,13.878165639972622,210.0,2.720138888888889,700,1,0,0,0,7.0,3.0,2026-08-28
Ranveer Singh,4,1,3.875,2.9147365560889043,0.47871355387816905,1.0,3.6666666666666665,3.875,-0.20833333333333348,4.007042258022333,promising,12.785763175906913,1712.0,2.720138888888889,700,0,1,0,0,4.0,3.875,2026-08-28
Riteish Deshmukh,17,1,2.264705882352941,2.4493748301777867,0.8859607613140862,0.17647058823529413,2.8333333333333335,2.2,0.5686274509803924,2.5372737530788534,proven_weak,22.765229295003422,119.0,2.720138888888889,700,0,0,1,0,17.0,2.264705882352941,2026-08-28
Saif Ali Khan,24,1,2.9583333333333335,2.84307678373562,0.8712393305025278,0.375,2.6666666666666665,2.4,-0.29166666666666696,3.2293281302646375,proven_weak,24.856947296372347,105.0,2.720138888888889,700,0,0,1,0,24.0,2.9583333333333335,2026-08-28
Salman Khan,40,1,3.0625,2.952363537557985,1.1831482339883468,0.5,3.3333333333333335,3.1,0.2708333333333335,3.3655019585437103,proven_positive,25.700205338809035,516.0,2.720138888888889,700,0,0,0,1,40.0,3.0625,2026-08-28
Sanjay Dutt,22,1,2.3863636363636362,2.4967566098834912,0.9750679851977376,0.18181818181818182,2.1666666666666665,2.0,-0.21969696969696972,2.669956579714808,proven_weak,25.700205338809035,484.0,2.720138888888889,700,0,0,1,0,22.0,2.3863636363636362,2026-08-28
Shah Rukh Khan,29,1,3.103448275862069,2.9518180583111175,1.2913123885137414,0.5517241379310345,3.5,3.4,0.39655172413793105,3.4262131212304534,proven_positive,25.700205338809035,1086.0,2.720138888888889,700,0,0,0,1,29.0,3.103448275862069,2026-08-28
Shahid Kapoor,27,1,2.814814814814815,2.759047489659266,0.6526300069150406,0.2222222222222222,3.1666666666666665,3.0,0.35185185185185164,3.0877594898910963,proven_weak,23.304585900068446,70.0,2.720138888888889,700,0,0,1,0,27.0,2.814814814814815,2026-08-28
Sidharth Malhotra,6,1,2.75,2.684761645985199,0.8803408430829505,0.3333333333333333,2.8333333333333335,2.5,0.08333333333333348,2.8326729624536227,unproven,12.175222450376454,896.0,2.720138888888889,700,1,0,0,0,6.0,2.75,2026-08-28
Sonakshi Sinha,8,1,2.6875,2.6686954158995295,0.7989949043284676,0.125,2.5,2.5,-0.1875,2.758766413933746,unproven,13.152635181382614,98.0,2.720138888888889,700,1,0,0,0,8.0,2.6875,2026-08-28
Suniel Shetty,8,1,1.5625,2.2773910680734426,0.7288689868556626,0.0,2.1666666666666665,1.7,0.6041666666666665,1.814053151334472,unproven,25.700205338809035,5063.0,2.720138888888889,700,1,0,0,0,8.0,1.5625,2026-08-28
Sunny Deol,22,1,2.340909090909091,2.469729582856464,0.8505791253521617,0.18181818181818182,3.0,2.7,0.6590909090909092,2.6593473900150104,proven_weak,25.68104038329911,14.0,2.720138888888889,700,0,0,1,0,22.0,2.340909090909091,2026-08-28
Taapsee Pannu,16,1,2.8125,2.738064340828683,0.6291528696058958,0.1875,3.0,2.8,0.1875,2.8643709539625632,proven_weak,9.415468856947296,190.0,2.720138888888889,700,0,0,1,0,16.0,2.8125,2026-08-28
Uday Chopra,3,1,2.0,2.5488885869827325,1.0,0.0,2.0,2.0,0.0,2.5333933152123653,unproven,24.22450376454483,6076.0,2.720138888888889,700,1,0,0,0,3.0,2.0,2026-08-28
Varun Dhawan,4,1,3.25,2.783157608720483,0.8660254037844386,0.75,3.1666666666666665,3.25,-0.08333333333333348,3.3334962377558877,promising,11.520876112251882,1528.0,2.720138888888889,700,0,1,0,0,4.0,3.25,2026-08-28
Vidya Balan,10,1,2.8,2.715199782627567,0.7888106377466155,0.4,2.1666666666666665,2.4,-0.6333333333333333,2.898345435859621,unproven,15.644079397672828,861.0,2.720138888888889,700,1,0,0,0,10.0,2.8,2026-08-28
__debut__,0,0,2.720138888888889,2.658666304379279,0.8719411592999755,0.3385714285714286,2.720138888888889,2.720138888888889,0.0,2.720138888888889,unproven,0.0,246.0,2.720138888888889,700,1,0,0,0,0.0,,2026-08-28
